Name,Date and Time
Unknown,"['Tuesday,18 May 2021 (IST)  12:36:30']"
Unknown,"['Tuesday,18 May 2021 (IST)  12:36:31']"
Unknown,"['Tuesday,18 May 2021 (IST)  12:36:32']"
Unknown,"['Tuesday,18 May 2021 (IST)  12:36:33']"
Unknown,"['Tuesday,18 May 2021 (IST)  12:36:35']"
Unknown,"['Tuesday,18 May 2021 (IST)  12:36:36']"
Unknown,"['Tuesday,18 May 2021 (IST)  12:36:37']"
Unknown,"['Tuesday,18 May 2021 (IST)  12:36:39']"
Unknown,"['Tuesday,18 May 2021 (IST)  12:36:40']"
Unknown,"['Tuesday,18 May 2021 (IST)  12:36:41']"
Unknown,"['Tuesday,18 May 2021 (IST)  12:36:43']"
Unknown,"['Tuesday,18 May 2021 (IST)  12:36:44']"
Unknown,"['Tuesday,18 May 2021 (IST)  12:36:45']"
